,brain.txt,hacking.txt,rtj3.txt
a,0.00170073383572,0.00113382255714,0.00516519164922
abil,0.996488297427,,0.996488297427
abl,0.599303982475,,5.39373584228
about,0.188530432424,0.377060864848,0.565591297271
abov,,,1.28773045963
absolut,,,1.67658333914
abund,2.25799093255,,
accept,,0.552585882007,0.552585882007
access,0.627805882716,,
achiev,0.627098085117,,
acknowledg,,,1.5146203068
acr,,,2.55454760944
across,,,1.09839691188
act,,0.358945092473,0.717890184946
action,,1.19608633014,
activ,0.762393206568,0.381196603284,
actor,,1.44518830707,
actual,,,1.2570283633
ad,,1.3467372836,
addit,0.220218882972,,
address,,,1.05137103247
adebimp,,,7.2746685411
administr,0.871244866238,2.61373459871,
adolesc,3.06456318861,,
aducanumab,7.18765716411,,
adult,,,4.47925088562
advanc,2.77208484871,,0.693021212178
advantag,,,1.20120515883
advis,,1.61233957346,
affect,0.908041904384,,
afflict,,,7.16703787692
afloat,,,4.52506933709
after,0.0409813892962,0.0614720839443,0.0819627785924
afteract,,7.18765716411,
afternoon,,,2.33888741825
again,,,0.822680463224
against,0.254802851078,0.254802851078,0.509605702156
age,,,0.396248453003
agenc,,1.25254253424,
aggress,1.83264445389,,
agil,,,3.72976443878
ago,,,3.6032684343
aid,,0.976889765079,0.976889765079
aim,,,1.06333853704
ain't,,,7.2746685411
album,,,9.94349916825
alchemi,,,4.68213122712
alfr,1.88601200747,,
aliv,,,2.01859463342
all,0.0114026320978,,0.193844745663
alli,,,1.28639088493
allow,0.480561222378,,0.240280611189
almost,,,0.429078843334
along,,0.260344385917,0.520688771834
alongsid,,,1.40434493384
alreadi,,1.34095676149,4.69334866523
also,0.0879429468,0.0293143156,0.0293143156
altern,,,0.760359972282
altogeth,2.38090760473,,
alway,,,4.35791522743
alzheim,13.3566239665,,
am,,,2.68581149266
ambit,,,2.52264697777
american,,,1.64948606173
amid,,,2.68046738649
among,0.228496097073,,
amyotroph,6.49450998356,,
an,0.00378167199957,0.00756334399914,0.0163872453315
and,0.00113382255714,0.00163774369365,0.00642499449049
anesthet,5.27811465923,,
anger,,,2.12242847141
angri,,,2.56268435083
ani,,0.125608358366,0.376825075098
anoth,,,0.383689084956
answer,,,1.5366310419
anticip,,2.05333039768,
antidepress,5.08759633523,,
antitrump,,,7.2746685411
anxieti,12.1728022419,,
anyth,,,3.0470798917
appear,0.557471796986,0.278735898493,0.278735898493
appoint,1.03032513351,,
approv,1.05065031172,,
are,0.0884024207481,0.117869894331,0.412544630158
aren't,,,7.2746685411
arm,,0.850831432969,
around,,,1.93877105782
arriv,,,0.708891538288
art,,,0.692895259662
artist,,,2.10635022034
as,0.00661688299577,0.00945268999396,0.0245769939843
ashen,,,7.2746685411
ask,,,3.88398604923
ass,,,16.1510968429
assault,,,3.78034695664
assign,1.3445959556,,
at,0.0050415935706,0.00705823099884,0.0131081432836
atlanta,,,5.26405484738
atlien,,,7.2746685411
atrophi,10.0182494396,,
attack,,2.03554655488,0.678515518292
attest,2.90867890534,,
attitud,,,1.74740630168
attribut,,1.22837151537,
author,0.35274143131,,
autism,4.67535154014,,
avail,,,0.547454586289
awar,1.45323772,,
away,0.615957541869,,0.615957541869
awoken,,6.2068279111,
babi,4.03434633816,,2.01717316908
back,,0.231667430897,1.15833715448
bad,,,1.22215165618
bar,,,1.35724203853
bariton,,,4.26539204244
barrag,4.02358957574,,
bath,2.53290347794,,
batman,,,3.89491149068
be,0.013636387115,0.02727277423,0.213636731468
beam,,,2.89150618797
beauti,,,1.5672562984
becam,,0.1599730053,
becaus,0.139343158825,,1.81146106473
becom,0.117712176489,,0.353136529467
beef,,,3.41489622602
been,0.0236459823684,0.0945839294736,0.165521876579
befor,,0.0956377718795,0.573826631277
behavior,5.13044440134,,
behind,0.734557237432,,
beings—it,,,7.2746685411
belief,,,1.37278064195
believ,,1.49324099399,0.995493995992
belliger,,4.15913506774,
bellow,,,4.44145519705
belov,3.18487979542,,
belt,,,2.33107996154
berni,,,7.6178652766
best,0.459227932947,,2.29613966474
better,0.6964279406,,2.0892838218
between,0.0339536811653,,0.0339536811653
beyond,0.934469583725,,2.80340875118
biali,,,7.2746685411
biff,,,6.27136643224
biggest,1.66719674659,,
bignam,,,7.2746685411
biogen,12.2344315048,,
biom,5.34183047362,,
bit,,,2.12032652634
black,,,4.67183005007
blame,,1.86749676964,
blaze,,,3.68360239701
bleak,,,4.11960422898
bleed,3.29753899407,,
bless,,,2.4106367212
blist,,,7.2746685411
block,1.16400781588,,
blood,1.55793992748,,
blow,,,1.99516338339
blown,,,3.2332134428
blunt,,,3.42258857164
bob,1.69459572077,,
bodi,0.621570935161,,0.621570935161
bomb,,,1.61582003893
book,,,0.3605697882
boost,2.21495452419,,
boot,,,2.82349753127
booth—and,,,7.2746685411
both,0.152527600168,0.0508425333893,0.101685066779
bottom,,,1.83619405336
bought,,,1.68605887535
bout,,,3.46800605133
box,,1.41751491115,
brain,26.271832774,,2.18931939783
braincomput,7.18765716411,,
break,,,0.88733019029
breakfast,,3.24931685037,3.24931685037
breath,2.59675494992,,
bret,4.5788136131,,
brief,,,1.22086960472
bring,,,0.711069490593
british,0.57752206629,,
brooklyn,,,2.88134235118
brother,,,1.89638772939
brought,,,0.609100637788
brown,,,1.16987530869
bruijn,12.8289345518,,
bunker,,,3.59263061881
burr,,4.31597753923,
burst,,,2.77183314986
busi,,,0.720476170355
buster,,,4.21724269855
but,0.0647694882876,0.0323847441438,0.210500836935
buuuut…,,,7.2746685411
buy,1.63405179293,,
by,0.00403225814988,0.00302419361241,0.0015120968062
ca,3.23100626388,,
cabinet,2.14047567036,,
call,0.130925548898,0.130925548898,
came,,0.378525882905,
cameronreut,,14.3753143282,
campaign,,2.72318879872,5.44637759743
camu,,,7.2746685411
can,0.324682192788,0.324682192788,1.29872877115
canadian,1.44786425194,,
cancer,4.16140419802,,2.08070209901
captur,,,1.05788100121
car,,,2.5268027334
care,,0.913994302911,
career,,,2.18892737516
carolina,,2.0214436382,2.0214436382
carri,0.512044136911,,
case,,,0.395406268889
casting—right,,,7.2746685411
cathart,,,5.9589917472
catherin,2.56268435083,,
caus,0.651717134812,,0.651717134812
caution,3.0578382137,,
celebr,,,1.81858419978
cell,7.84226922744,,
center,0.555216308776,,
central,,,0.477540146039
cerebr,3.90424281811,,
cerebrospin,6.06164590126,,
ceremoni,1.34532120645,,
chair,,3.9238209808,
chairman,,5.38095270483,
challeng,,0.939291968895,
champagn,,,4.10040978173
chanc,,,1.44572292349
chang,0.166275625058,,0.166275625058
chao,,,2.56513833979
chart,2.13460115413,,
chemist,3.03268798008,,
chemistry—a,,,7.2746685411
chest,2.77384927957,,
chicago,,,1.34507939771
chicken,,,5.93384943808
chief,,,0.883056027166
childhood,,,2.01717316908
children,0.649637945787,,
china,,1.25895493874,
chines,1.45162264562,1.45162264562,
choic,,,1.14166497543
choke,4.05943570751,,
christma,,,3.80383715954
claim,0.423291231925,,
class,,,0.749772189933
classic,,,0.87910345285
claw,,,3.7271432053
clear,0.617474727198,,
climat,1.54752471654,,
clinic,4.62874012234,,
clinton,,2.60183970664,
close,,0.501333519728,0.501333519728
closest,,,2.16762174551
cloud,,,2.36268232808
club,,,1.07286940097
cognit,6.1318272554,,
cold,,,1.3658447707
collabor,1.49392502531,,
collect,,0.49536666052,1.48609998156
come,1.13563962612,,1.98736934571
comfort,,,6.17031822561
comic,,,4.16039537076
comment,,3.35480260362,
commiss,,0.905078939253,
commit,,2.11975728206,
committe,,12.9223306992,
common,0.338325805271,,
communic,4.17460149152,,
communiti,0.673561947791,4.04137168675,
complet,0.215285242047,,0.645855726141
complic,1.731268243,,
compound,2.09135398771,,
comput,,1.36806891594,1.36806891594
conclus,,3.15637073786,1.57818536893
condescend,,,5.42406857185
condit,0.654837788206,,
conduct,,2.4511288961,
confid,,5.53477280262,
confirm,,,1.12581182025
congress,,2.70277101282,
congression,,4.8638282393,
connect,0.633605058682,,
connectom,7.18765716411,,
consist,0.398873126426,0.398873126426,
conspir,,,3.14022952168
contempl,,2.90752483712,
contribut,,,0.655201578909
control,,,0.769969323172
convers,,,2.417120902
cop,,,3.73502760882
cord,6.63291230642,,
correct,,,1.29831763181
correl,2.57915918803,,
cortex,4.40470565484,,
cost,0.84129007618,2.52387022854,
costanzarevers,,,7.2746685411
could,0.37191254458,1.30169390603,
countercultur,4.16723227797,,
countri,,0.69261763466,1.03892645199
coupl,1.18089357972,,1.18089357972
cours,0.765899404133,,2.2976982124
crack,,,2.61897808671
crazi,,,6.12104555814
creat,,0.222576818514,
creativ,1.87527254036,,
credit,,,1.11288601088
crew,,,3.43708545324
crook,,,7.27416476276
cross,,0.846416414759,
crosstalk,6.58152136054,,
cub,,,3.98898404656
cube,,,11.0583354259
cultur,,,1.24196946862
cure,,,2.64880485916
current,,,0.426952827845
custom,,,1.29050329648
cut,,,1.8054918837
cyber,,4.28349208409,
cyberattack,,50.3136001488,
cyberprob,,7.18765716411,
cyberthreat,,7.18765716411,
cycl,,,1.68810108164
dad,,,7.69312741304
daili,1.01874402495,,
damn,,,3.21422553056
danni,,,2.85363974863
dark,,,1.38277323072
date,0.489080896097,,
daughter,,,1.25034086008
day,,,0.674634825268
daytoday,,,7.2746685411
dc,,2.35468761528,
de,1.14966477262,,0.574832386309
deal,,,0.780914701253
death,0.485696798112,,
debunk,4.57269738608,,
dec,3.11436601109,,
decad,0.760359972282,,
decemb,0.393163905995,,0.393163905995
decid,,,0.655322871893
declassifi,,4.35444382006,
declin,0.877133008863,,
decor,,,1.96955613142
decreas,1.50919249744,,
dedic,,1.16481508131,
deem,1.87035449766,,
deep,,1.2886734698,1.2886734698
deepli,,,2.06766933309
deer,,,3.08226276571
defin,,,1.00368010925
definit,,,3.5267199894
delorean,,,12.1780897509
democrat,,8.49729624588,1.41621604098
demosthen,,,5.801362803
deni,,,1.25962064386
denim,,,5.59502637
depart,,0.68887313257,
depress,3.53571980006,,
deputi,,1.91765354188,
describ,,0.385447603125,
despair,,,3.42258857164
despit,0.473790078298,0.473790078298,
determin,,0.772833019022,
devast,2.05677274187,,2.05677274187
develop,0.178624694913,,0.357249389826
devic,1.61107694703,,
devin,,4.44681714019,
did,,0.662541367056,2.65016546822
didn't,,,21.8240056233
die,,,0.510049071409
differ,,,0.424642242624
direct,,0.401411378992,0.200705689496
disclos,,3.01841129372,
discont,,,3.16977376799
discoveri,1.55793992748,,
diseas,6.6039171218,,
dismiss,,3.30261526752,
disord,4.70407370326,,
disrupt,2.07617150984,,
dive,,2.77789377447,
dj,,,3.1971310972
do,0.228337794081,,5.70844485203
documentari,,,1.64410864979
doe,0.534041729717,,1.06808345943
doesn't,,,14.5493370822
don't,,7.18765716411,58.1973483288
donald,,1.95967285241,
done,,,1.69195196626
door,,,1.58769318476
dope,,,8.79912851068
dose,3.46598788718,,
dougla,,,1.83067788492
down,,,1.53336870593
drag,,,2.39808425513
dream,1.66253628542,,3.32507257084
drink,,,1.79478748063
drive,,,1.07674430203
drop,,,0.899953510622
drug,14.2498644499,,3.56246611248
dude,,,4.95406494261
dungeon,,,4.33984502064
duo,,,5.89506034348
dure,,0.0491209066894,0.0982418133788
duress,5.12926903163,,
dutch,1.67961926658,,
dylan,3.45396369421,,
dynam,,,1.87568347112
dystopia,,,6.06164590126
dystopian,,,4.88507207112
each,0.173741689304,,0.86870844652
eager,2.74598678068,,
earli,0.352498887324,,0.234999258216
earlier,0.624742371425,1.24948474285,
earth,,,1.31647878288
easi,,,1.66652963515
easier,,,2.05923883436
east,0.589943183529,,
eastern,,1.71557545072,
eat,2.01575372242,,
effect,1.00149068147,0.333830227158,0.333830227158
effort,,0.637887211057,
effortless,,,4.9189736228
eight,,0.76874860218,
eighti,3.17428166443,,
either,,,0.459327638815
el,,,7.8476419616
elabor,,1.95432286194,
elect,,5.55222378226,2.77611189113
electionrel,,14.3753143282,
electrod,4.60365961168,,
eloqu,,,3.82612503885
elp,,,115.297264952
els,,,1.69459572077
elsewher,,1.6321169326,
email,,7.02271298442,
emerg,,,0.748173681534
empathi,,,4.42029038586
emphas,,1.72170895618,
employ,,,0.772560204943
encompass,,2.08272230172,
encourag,,,3.08621391465
end,,,0.202953597236
endem,,,3.48841492297
endur,,,1.953433973
enemi,,,2.83347077324
enjoy,,,1.20204303069
enorm,,,2.0214436382
enough,0.802884439169,,0.802884439169
entail,3.05649862877,,
eponym,,,3.25910485674
equal,,,0.933027391343
equival,,,1.40897338129
eric,,1.8581641801,
especi,,,0.511098609709
essenti,2.14868756768,,
establish,0.297302399813,,
etern,,,5.19858819288
ethnic,,,1.62857938268
europ,,1.40350094498,
even,,0.152388564834,0.76194282417
event,,,0.428982108147
ever,,,2.03368493521
everi,,,2.34891256453
everybodi,,,2.8869761689
everyon,,,3.71148769628
everyth,,,4.71811770951
eve—a,,,7.2746685411
evid,,0.810363483416,
evolut,1.85011908441,,
evolutionari,3.05249060737,,
evolv,,,1.52643430388
exact,,,1.24376477325
examin,,1.3482274812,
excel,,,1.5778801652
excus,,,6.2601837068
exhal,,,4.94517599519
exhilar,,,5.34183047362
exist,,,0.763315588174
expand,,,0.80021683492
expect,0.78850775216,,0.78850775216
experi,1.25254590787,,1.25254590787
experienc,,,1.26876330984
experiment,1.8035444374,,
expert,1.68029517063,,
export,,,1.90614691588
exposur,2.19439411974,,
express,0.648191639641,,
extrem,0.861209583937,,
face,,0.589602371257,0.589602371257
fact,,,1.65086976238
factbas,,,7.2746685411
factor,1.06169814662,,
fail,0.656536611573,0.656536611573,
failur,,1.18954807429,
fall,0.527402167952,,
famili,,,1.58986477884
famous,,,0.825060187979
fan,,,3.13934935852
fantasi,,,2.48566279349
fascin,2.85911921439,,
father,,,0.819327049157
favor,,,1.14205960843
fbi,,3.17428166443,
fear,1.12000347865,,2.2400069573
feel,,,9.14279473544
fellow,,,1.47337445482
felt,,,3.56864422287
few,0.275577913653,,0.275577913653
field,1.1521285167,,
fifteen,,,2.11040218268
fight,,0.917772050203,
figur,,,2.13051633648
film,,,0.791005325264
find,2.73890665144,,1.09556266058
fine,,,1.39185273824
finger,,2.52500454271,
finish,,,1.17210994649
fir,,,4.48517800806
first,0.00758728981216,,0.0379364490608
fixat,4.31127164819,,
fluid,5.31370278684,,
focus,,,0.698198972056
folk,,,2.03677695251
food,1.08565801008,,
for,0.00283491355857,0.00220493276778,0.00913472146651
forc,,0.561304333048,
forecast,,,3.08639215905
foreign,,0.927279331449,
form,0.120053184191,0.120053184191,0.240106368382
fortyyear,,,7.2746685411
forward,,,1.29901007269
found,0.215682248096,,0.107841124048
four,0.190213538869,,0.380427077738
frazzl,,,7.2746685411
free,,,1.6237999478
freezer,,,5.76054080847
frequent,,,0.744321136085
friend,,,7.10405625262
friendship,,,2.09441834148
friendship—kept,,,7.2746685411
from,0.00793875836412,,0.00623759585753
ft,,,2.85911921439
fuck,,,136.430429393
fuel,,,1.72100448275
fulfil,1.92799400455,,
full,0.511203624148,1.0224072483,0.511203624148
fulli,1.02609828678,,1.02609828678
fun,,,7.66850900943
fund,0.941388912965,,
further,,0.926447685891,0.308815895297
futur,0.619345197699,,0.619345197699
game…,,,7.2746685411
garden,,,1.45728685497
gari,,4.06488128242,
gate,,,1.78723457463
gave,0.615840930592,,1.23168186118
gehrig,5.61212080336,,
gene,4.58461605096,,
general,,0.114952578063,
generat,,,0.719182341736
generous,,,2.96325947364
genet,2.32784475975,,
georg,,,1.26033766555
georgia,,,2.0893162896
gestur,,,2.87462340093
get,,0.579769005782,4.05838304047
ghost,,,2.42121883053
gig,,,3.6394775921
gilliam,,,5.00912471979
give,,,1.55696276112
given,,,0.303255810831
glad,,,3.53699892282
glare,,,4.5309002574
glass,,,1.83500945302
go,,0.458729552673,11.0095092642
goe,1.4473284898,,
gon,3.6686767468,,
good,0.418589404907,,
gop,,4.35444382006,
got,,,10.2911270794
govern,,1.64688183902,0.411720459754
gradual,1.33210780099,,
graham,,4.49322031366,
grandfath,,,2.50244427045
grandmoth,,,3.20331349711
grandpar,,,7.5729195649
grass,,,2.62330897265
great,,,1.17902629039
greatest,,,2.20214369816
grew,,,2.24039309496
grim,3.85545265394,,3.85545265394
groundbreak,3.6018260859,,
group,0.762378139188,,1.90594534797
grow,,,2.46313062664
guarante,,,1.88269525485
gucci,,,6.2068279111
guest,,,1.76712216484
guy,,4.07548627232,12.226458817
hack,,3.7699304805,
had,0.0929560488222,0.0929560488222,0.929560488222
hadn't,,,14.5493370822
haig,4.9189736228,,
haircut,,,9.92606722518
half,,,1.69276850248
halfcenturi,7.18765716411,,
hallucinogen,5.30311596144,,
hand,,,1.43841400601
handl,,,1.36683266903
handsoff,,,7.2746685411
hannek,7.18765716411,,
happen,,1.08640441802,3.25921325406
happi,,,5.43713626929
hard,1.00522796406,,2.01045592812
has,0.0854478897096,0.341791558838,0.256343669129
hate,,,2.36804786744
haunt,,,3.15047101573
have,0.0443550070236,0.177420028094,0.310485049165
haven't,,,7.2746685411
he'd,,,7.2746685411
head,,,1.82417033141
headquart,,2.89680060254,
head—essenti,,,7.2746685411
health,0.999050868232,,
hear,,,1.43007066072
heard,,,2.98672803096
heavi,,,1.0602422774
heavili,,,1.17598157639
heel,3.49254716025,,
heir,,,2.45953215407
heist,,,5.22991255741
held,,,0.367095096835
hell,,,2.39669921336
help,1.68103860672,0.336207721344,1.00862316403
helterskelt,,,7.2746685411
herald,,,2.14369455726
herb,,,3.27064661718
here,1.77007637674,,0.88503818837
high,0.41347135962,0.13782378654,0.27564757308
highest,,0.917141433754,
highlight,,,1.76307432123
histori,,,0.375101248138
hit,,,1.13674515836
hoax,4.04494270021,,
hold,0.503879117196,,1.00775823439
holi,,,1.7056303155
hollywood,,,2.16487373608
home,,0.756867832394,0.378433916197
homeland,,2.63817588399,
honesti,,,4.02711691626
hope,,,2.75947291336
hostil,,1.76234010681,
hous,,1.52036244955,
hoverboard,,,7.2746685411
how,1.88626782772,,2.82940174158
howdidnobodythinkofthisbefor,,,7.2746685411
howev,,0.0903151173475,
https,,3.03399602474,
huge,,1.47916358195,
human,2.56014073297,,2.56014073297
humbl,,,3.35720581238
humor,,,2.49173261486
hunch,,,5.91136369821
hundr,0.904145087046,,
i,,0.536935015014,24.9674781982
i'd,,,29.0986741644
i'll,,,14.5493370822
i'm,,,167.317376445
i'v,,7.18765716411,29.0986741644
ice,,,3.5049612297
idea,,,0.73863592212
if,,,3.57634482715
ignor,,1.5226732695,
ii,,,0.495159942173
illest,,,7.2746685411
imag,1.98752421458,,
immun,10.8869961818,,
impart,,3.79482803212,
implant,11.3262298388,,
implic,,2.03244064121,
import,,,0.292818277066
impos,,1.59294578451,
improv,0.714795803932,,0.714795803932
in,0.00755953134906,0.00604762507925,0.0143631095632
includ,0.0188846813905,0.113308088343,
increas,0.277820718929,,
incred,,,2.90292183705
incumb,,2.95839328399,
indica,,,5.66523062867
individu,,0.588013447985,
infant,2.4654449577,,
infect,2.59929409644,,
infecti,3.70898447028,,
influenc,1.71711955628,,
inform,,1.36336111399,
ingeni,,,4.23014610338
inject,2.77183314986,,
injustic,,,3.42645704842
innat,,,7.49127557586
input,2.50167533539,,
insid,2.01562611626,,
inspir,,,3.14062507899
instinct,,,3.26568382783
institut,0.576176322003,,0.576176322003
intang,,,4.52506933709
intellig,,22.9359757141,
intend,,0.853933584803,
intens,1.36165705673,,
interconnect,,,3.41107212958
interest,,0.944143555964,
interf,,3.2002175194,
interfac,3.04056203651,,
interferon,12.6807186075,,
internet,,,1.6063562459
intersect,,,2.53847009271
intertwin,,,3.93599151642
interview,,2.44644257878,2.44644257878
into,0.0298257264574,0.0447385896861,0.0298257264574
investig,,2.27388297404,
inveter,,,6.08904487545
involv,,,0.371469078658
irrespons,,,4.26091776205
is,0.0366000282359,0.018300014118,0.0512400395303
isi,,3.84951791842,
issu,,1.0922971318,
it—giv,,,7.2746685411
j,,,1.36018321712
jacket,,,3.17277677325
jam,,,2.74011592233
jersey,,3.81823485036,
jet,,,2.22890013079
jewel,,,12.1307519203
jewelsvia,,,21.8240056233
job—to,,,7.2746685411
john,,0.608389155404,
joi,,,6.41446727588
join,0.58348752942,,
joint,,,1.21873649811
jonathan,2.02239511306,,
journalist,,,1.61170806097
joy,,,5.1188434104
juic,,,3.62047464498
juici,,,5.56168994973
juli,0.360931190445,,
june,,0.3605697882,
jupit,3.66375062846,,
just,0.579062868218,,7.23828585273
kamasi,,,7.2746685411
keep,,,2.14245703402
kept,,,1.0795213102
ketamin,6.41446727588,,
kick,,,10.2901465891
kid,,,4.4813437942
kidney,3.51558482832,,
kill,,,1.48308119609
killer,,,13.1645173202
kind,,,1.89606260543
kipni,14.3753143282,,
kleptocrat,,,7.2746685411
km,,,21.8453672686
knew,,,6.5439616168
know,0.952919694398,0.952919694398,5.71751816639
known,0.0824180805992,,
kremlin,,4.50207981886,
kush,,,5.21821651765
la,,,1.11749697006
land,,,0.542891344994
landmark,,,2.07566937576
larger,,,0.806828661778
last,,0.192043644611,0.768174578444
late,0.275660890876,,0.275660890876
later,0.0829654259878,0.248896277963,0.0829654259878
latest,,,1.95699427938
latestagecanc,7.18765716411,,
laugh,,5.66403456922,2.83201728461
launch,,0.942519860658,
lavish,,,3.27897305995
lead,0.472408059734,,0.236204029867
leader,,0.741672829452,
lean,,,2.81715501529
leap,,,2.97676489684
learn,0.842752064745,0.842752064745,1.68550412949
least,0.480285584745,,
leav,,0.507743957229,0.507743957229
left,0.729104829506,,0.364552414753
legend,,,1.56665261592
lesson,,2.15940026867,
let,,,3.74640770184
letter,0.886718475942,,
level,,0.503462189943,1.51038656983
lie,,,1.16805067564
life,,,2.52146959422
like,,,3.75444656671
lindsey,,4.36925890584,
linger,,,3.50295308141
linkag,3.95883100839,,
lisa,,2.9355968559,
list,0.309845761506,,
littl,,,1.75285595786
live,0.266903399347,0.266903399347,0.533806798694
lock,2.02477776846,,
lockedin,7.18765716411,,
look,0.6463866936,1.2927733872,3.231933468
lose,,,1.12658882106
lost,,,1.11504724356
lot,,,13.3523725523
lou,3.06456318861,,
loung,,,3.53916577091
love,,,3.26874864585
lucki,,,3.17880997405
lung,,,2.91912589531
lust,,,3.91999117508
macbridegetti,7.18765716411,,
machin,1.39235958062,,2.78471916124
made,0.0680215260973,,0.272086104389
mafia,,,3.94246403093
magic,4.13533866618,,
major,0.138474663439,0.138474663439,
make,0.146995315646,0.0734976578229,0.661478920406
malici,,12.4413326243,
man,,,2.23714061908
mani,0.0866315162442,0.0866315162442,
map,2.80868986768,,
march,,,0.32193989648
marijuana,,,3.92317082799
mark,,,0.410770160338
marvel,,,2.99674059227
master,,,1.14779935699
matt,2.43119753058,,
matter,,0.895162527036,0.895162527036
may,0.0507099952844,0.101419990569,0.101419990569
mayor,,,3.43638308274
mccain,,11.0208817559,
mean,,0.37092128352,0.74184256704
meant,,,1.16501699954
meddl,,4.8442500766,
medic,1.18644857806,,
medicin,1.71119361218,,
medtron,7.18765716411,,
meet,,0.510363817255,0.510363817255
melt,,,2.85692382383
memori,0.94543389866,,0.94543389866
men,,,0.624742371425
mental,1.87404076028,,
merg,,,1.66453096693
met,,,1.71854810287
meth,,,6.45368798903
method,,1.88892321768,
mice,7.44905764944,,
microb,4.70275051433,,
middecad,,,7.2746685411
middl,,,0.714152344673
midnum,,,7.2746685411
midst,,,3.00179749306
midway,,,3.22051485947
might,1.53668215307,,0.768341076534
mike,,,26.5234345773
millionair,,,3.68611180862
mind,,,1.27866883883
minut,1.13537193598,,1.13537193598
miracl,,,2.84168957926
mission,1.27190443874,,
mistak,,,2.16487373608
moment,,,10.1481917816
monaco,,19.5212140906,
money,,0.964254518011,2.89276355403
monitor,,1.80125261058,
monstrous,,,4.08906750512
month,0.410770160338,,1.23231048101
moon,2.06567928268,,
more,0.0340498632,0.0680997264,0.085124658
moscow,,2.3330261185,
most,0.0622436888868,,0.0414957925912
motion,,,3.23608240874
motor,1.90487653672,,
mount,1.25364519176,,
move,0.255615859253,,
movi,,,1.38730267983
much,,0.177495729301,0.532487187903
murder,,,2.81743136506
muscl,5.66831722612,,
muscular,7.75301212628,,
mushroom,7.74694231888,,
music,,,6.35192174585
mutat,3.42065993074,,
mystic,2.7074834683,,
na,2.59253731398,,
name,,,0.0972331663843
nation,,1.02010837399,0.408043349596
nationst,,7.18765716411,
natur,0.431306339292,,
necessarili,,,1.99238817347
necklac,,,4.27893626755
need,,,1.08822049033
negat,1.32402598852,,
neighborhood,,,2.13726711146
neurocircuitri,7.18765716411,,
neuron,4.16317547727,,
neurosci,25.2017588414,,
neuroscientif,14.3753143282,,
neurosurgeon,5.61212080336,,
never,,,0.443205436091
new,0.0177299468511,0.0531898405533,0.0886497342555
newborn,,,3.74563778793
news,1.46649014697,,
next,,,0.804327370998
night,,,0.818327120497
no,0.0444345841298,0.0444345841298,0.311042088909
nobel,4.6492399815,,
north,,0.402823098645,
not,,0.108866891052,0.264391021128
notabl,,0.603441443842,
noteworthi,3.295836866,,
noth,1.24245472939,,2.48490945878
notic,,,1.47474978168
novelist,2.56759836563,,
now,0.447278835063,,1.04365061515
nt,17.8305122252,,
num,0.00314990395397,0.00220493276778,0.00377988474476
numyearold,7.18765716411,,21.8240056233
nune,,17.4672486366,
nusinersen,7.18765716411,,
nyc,,,4.17130560336
obama,,16.0552939544,
occur,1.11394755695,,1.67092133542
octob,0.373114266855,,
odd,,,2.15178739884
of,0.0,0.0,0.0
off,,,0.827057040776
offic,,0.463023762098,0.463023762098
offici,,1.35966927017,
og,,,4.73808988077
oh,,,5.49001181524
ok,,,3.74031862645
old,0.424253510675,,1.27276053202
older,,,1.99775965145
on,0.00207932965698,0.0069310988566,0.0110897581706
one,0.025021406582,0.025021406582,0.137617736201
ongo,1.79934675904,,
onli,0.0253242683291,,0.0506485366582
onto,,,1.49870635913
open,,0.219591038029,
oper,,0.441342964347,
oppon,,,1.66619624625
opportun,,,2.2051768741
oppressor,,,5.31585498721
optim,2.44562779541,,
optimist,3.47002829672,,3.47002829672
or,0.0401388315501,0.0133796105167,0.0936572736169
order,,0.660421142379,
organ,,0.98784105734,
ostens,,,3.18945646245
other,0.00987474791976,0.039498991679,0.0592484875186
out,0.0584263909193,,0.467411127354
outcom,,2.01339244624,
outkast,,,18.6204837333
outsid,,,2.06207495594
over,0.0498734429914,,0.249367214957
overcom,4.25329132538,,
overfuckingwhelm,,,7.2746685411
overpublic,,,7.2746685411
own,0.164195077421,0.164195077421,0.328390154842
pain,,,1.88062785696
pair,,,1.47447456495
paragraph,,,3.02617329906
paralysi,8.75851797836,,
paranoia,,,4.39444915467
parent,,,1.23918710858
park,,,2.70451169559
part,0.0847906219656,,0.211976554914
particular,0.646314787608,,
partnership,,,1.87980209309
past,2.10487024728,0.701623415761,2.80649366304
pathogen,4.19610026197,,
patient,13.5371120083,,
pattern,1.33282404788,1.33282404788,
patti,3.57448953174,,
paul,,,0.787538155852
paus,,,3.39029706701
peac,,,1.10182985556
peak,,,1.38629436112
peer,,,2.56350167822
penetr,,2.35801098158,
peopl,,0.193265578473,2.70571809862
per,0.672821024072,,
percent,1.36165705673,,
perhap,1.14680739183,,
perpetu,,,2.64702549926
persever,,,4.46307766106
person,,,1.36073126407
pestilenti,,,7.03350648429
petti,,,3.19559145101
philli,,,4.45220798882
photo,,5.57812963914,
photograph,,,1.52701418212
physician,2.1703773273,,
physicist,2.64702549926,,
piss,,,5.13996432075
pitchfork,,,5.13996432075
place,,,0.0957070839572
placebo,4.8522822483,,
plan,,0.428982108147,
plate,,,2.07969352606
play,,0.381104390642,
plenti,8.57077147149,,
plutoniumpow,,,7.2746685411
podesta,,7.03350648429,
point,,1.3861941542,0.693097077099
polic,,,2.29480490568
polit,,1.71042835244,2.28057113658
poor,,,0.884580417705
pornograph,,,4.23884181035
possess,,,1.15477080241
possibl,0.348805474891,,0.697610949782
post,,0.805700152701,
posthum,,,2.62244129363
potenti,2.77372923673,,
prefer,1.10581884366,,
prepar,,1.77588455812,0.887942279062
presid,,2.05572600316,
presidentelect,7.18765716411,14.3753143282,
presidenti,,1.84452578178,3.68905156356
press,,0.345329690455,
pretti,2.75684036527,,2.75684036527
previous,0.356602960063,0.713205920126,0.356602960063
price,1.24814402264,,
prioriti,,4.30899926534,
prize,1.54900597884,,
probabl,,,0.972882412913
probe,,2.93086311925,
process,,,1.05565839805
produc,0.628641624006,,0.628641624006
product,0.484060136536,,
project,0.561601885907,,0.561601885907
promis,1.25364519176,,1.25364519176
prompt,,1.49168287191,
propos,,0.688246133992,
protect,2.02587872301,0.67529290767,
protein,6.36064795776,,
psilocybin,19.2434018276,,
psychedel,16.0107315637,,
public,0.202323750487,1.01161875243,0.202323750487
publish,0.313975865467,,
push,1.32213384036,,1.32213384036
pussi,,,5.61212080336
put,,,2.52826499927
putin,,4.5485998345,
question,,0.790310929014,0.790310929014
quot,,1.34895537156,
race,,,1.07508179126
racist,,,3.26403502284
rage,,,5.33536364838
rain,1.92496697521,,
rainwat,,,4.73808988077
rakim,,,6.3767269479
ralli,,,2.14638490056
rap,,,42.0605678761
rape,,,2.70371343556
rapper,,,12.99077916
rare,1.00282122403,,
rather,,,0.442714975539
real,0.824629060574,,0.824629060574
realiti,,,3.0361272775
realiz,,,3.17538636952
realli,,,9.3458450382
reason,,,0.544301552962
reborn,,,4.06309201872
receiv,0.533148849844,,
recent,0.434413741288,,
recogn,0.935913859031,,
reconsid,3.44602714462,,
record,,,5.64816571125
record—our,,,7.2746685411
recoup,4.68213122712,,
recreat,1.8773288849,,
recruit,,,1.75066540288
red,,,0.798535691347
reduc,,,0.686617775143
refer,,0.262553246798,
refus,,,0.948356453102
region,0.568028500824,,
rehears,,,2.96937570066
reign,,,1.79782468873
reinforc,,1.86464718498,
relat,,0.426200603308,
releas,0.608521699544,3.04260849772,
reliev,2.3600103158,,
religion,,,1.32877208191
reluct,,,2.06518238826
remain,0.30712592618,,
rememb,,,3.17353822524
remiss,,,4.67535154014
render,1.78798730331,,
rep,,5.05744329706,
repeat,,1.05679305913,1.05679305913
report,,1.55008754519,
repres,,,0.38507723275
republican,,1.85092068766,
reput,,,1.40229470247
research,3.31863909069,,
reset,,4.17950237056,
residu,,,3.19405417169
respond,,1.15477080241,
respons,0.409915662303,0.409915662303,
restor,1.09033222631,,
result,0.136378908381,,0.136378908381
resurg,3.06456318861,,
retali,,2.78603217137,
retir,1.26518548849,,
reveal,0.967729904215,,0.967729904215
revel,,,2.45292177377
revers,,,1.45836939905
review,,7.13656983529,
rich,,,1.35650809354
richard,,0.788646342695,
right,,,1.02107956251
rippl,,,4.49078026361
road,,,0.915566630279
rocha,,,5.39589769489
rock,,,1.19079056772
rodent,8.79912851068,,
roil,,,6.78219205601
role,,2.64218464544,
room,2.24774391086,,3.37161586629
root,,,1.27483006252
rosco,,,9.21993756176
rtj,,,29.0986741644
rumbl,,,4.34468764511
run,,,4.42714975539
russia,,9.2922573048,1.5487095508
russian,,16.879877757,
s,18.3602837899,,
said,,5.6764911556,
salvat,,,3.02357926388
same,,,0.336178948812
sander,,,6.73623002296
sativa,,,5.9589917472
saturday,,,1.99701781137
saw,,,2.66814414622
say,0.562154280552,1.68646284166,2.24861712221
scalpel,,,6.3767269479
scan,,2.93441131931,
scare,,,3.20176431012
scared—i'm,,,7.2746685411
scarfac,,,5.74073818118
scenario,,,2.73427932989
schultz,,17.0615681698,
scienc,3.36574471556,,
scientist,3.09268256888,,
sclerosi,5.03783482567,,
scream,,,3.02617329906
second,,,0.10713976338
secretari,,1.35797652258,
secur,,0.774198206948,
see,,,1.68645109844
seem,,,1.65818606455
seen,,0.47672812813,0.95345625626
seiz,,,1.86505377169
selffocus,7.18765716411,,
selfless,4.78221468568,,
selfmed,7.18765716411,,
selfreli,,,7.2746685411
sen,,11.817667611,
senat,,6.47852310844,1.61963077711
senior,,1.38805958664,
sens,,,3.12773338503
separ,,,0.470759772949
seri,,,0.381934610698
serious,,,0.949332539075
servic,,0.82820033349,
seven,0.662383156851,0.662383156851,
sever,,,0.0699111203969
sharp,,,1.94944372164
shift,,,1.20351099781
shit,,,61.5222881654
shot,1.34895537156,,
should,,,2.03767950703
shouldn't,,,7.2746685411
show,0.236682766013,,
shown,2.03713916198,,
side,0.469348766869,,0.938697533738
sign,,,0.565696850403
signal,,1.63405179293,
similar,0.637112184228,,
simpli,0.923941491586,,
simul,,,2.44055348224
simultan,,,1.67322086119
sinai,3.90424281811,,
sinc,,,0.0803681994577
sincer,,,3.34106196401
sing,1.90487653672,,
singl,0.951833538118,,
sister,,,1.32402598852
sit,,,1.53750990529
six,,,0.441636808318
skull,3.03793045604,,
slave,,,2.0082171818
slid,,,4.58496747867
slight,,,1.17966331506
slow,1.39820680715,,
smart,,2.81820931165,
smile,,,3.16230547338
smith,1.2240778205,,
smoke,,,13.1392919145
sneak,,,3.82901939687
snoop,,,4.8442500766
so,0.12868407339,,1.15815666051
social,3.4418575113,,
societi,0.597356115918,,
sold,,,1.02732927261
solo,,,2.35336135514
some,0.0395735090645,0.118720527194,0.395735090645
somehow,,,6.42531871906
someon,,,1.59635928666
someth,,,3.56492136819
son,,,0.724367730591
song,2.4670968071,,4.9341936142
soon,,0.683992937688,1.36798587538
soundcloud,,,20.030494621
sourc,,1.0584366215,
south,,,1.30645243421
space,,,0.874713164972
speak,,,2.12339629324
special,,,0.795119857202
specul,1.66453096693,,
spent,,,1.10126129684
spinal,15.9288174383,,
spinraza,21.5629714923,,
spirit,1.42194373173,,
spiritu,,,3.85425640726
spite,,,2.21668712641
spoke,,1.70701824077,
spot,,,1.51061801443
squad,,,2.55860770434
staccato,,,5.82241621219
standardbear,,,7.2746685411
stankonia,,,7.2746685411
star,,,0.894083861394
start,,,0.945773477164
state,0.0932200055336,0.0932200055336,
statement,,2.4606194183,
steamrol,,,6.58152136054
steel,,,1.72736268149
stetka,7.18765716411,,
stigma,4.17950237056,,
still,0.342244442858,0.342244442858,0.513366664287
stir,,,3.01583728972
stock,,1.61265547932,
stone,,,1.24573306257
stoner,,,5.30311596144
stop,1.55715874993,,3.89289687481
stori,,,0.705059626587
straight,,,5.47557593322
stream,1.87363050386,,
street,,,1.72331355561
strength,,,1.39312032619
strip,1.7056303155,,1.7056303155
strong,0.497125493936,0.497125493936,
struck,1.84811788303,,
structur,,,0.721771675135
studi,0.426470272221,,
studio,,,7.97403125085
stun,,,6.14538662938
subcommitte,,3.94897871195,
subject,,1.88023312229,0.626744374095
submarin,,,2.75783292118
subvers,,,3.56331623114
success,,,0.277654412592
suck,,,3.85545265394
sudden,,1.75612095378,7.02448381512
suffer,1.54130517505,,0.770652587523
suggest,1.12740522175,,
sulfur,,,3.82901939687
summer,,0.797975937624,
sunglass,,,5.08759633523
support,0.475761220074,,
suppos,,,2.88450602954
sure,,,6.0260596656
surpris,,1.47392435861,5.89569743444
surround,0.915723999073,,
surviv,0.814337374538,,
sustain,,,1.47255016573
sweatpant,,,7.2746685411
sweep,,2.4781269628,
swift,,,2.63641532015
symptom,5.7739523378,,
syndrom,3.15194268634,,
system,1.30972138234,0.327430345585,0.327430345585
t,5.34033531114,,
tabl,,,1.34049610661
tag,,,2.98296454472
take,0.130691962197,0.261383924394,0.392075886591
taken,,0.470759772949,0.470759772949
talk,,1.10867789449,4.43471157796
tao,,,4.29728540622
team,0.821902894886,,1.64380578977
telegraph,2.31820148348,,
televis,,,0.912581318926
tell,,,2.42472868802
tennesse,2.62591653605,,
terror,,4.22913771074,
text,1.14048200999,,
than,0.0322608622182,,0.129043448873
that,0.0834991159724,0.0636183740742,0.290258831714
the,0.0,0.0,0.0
themselv,0.722549784369,,
then,0.0830338652309,,0.498203191385
theori,2.21544793804,,1.10772396902
therapi,5.62799755822,,
there,0.120293678776,,0.561370500957
these,0.0715336194008,,0.286134477603
they'r,,7.18765716411,21.8240056233
they'v,,,14.5493370822
thing,0.87819353468,,7.90374181212
think,2.1343532235,,4.268706447
third,,,0.350324349429
this,0.01514579621,0.0189322452625,0.140098614943
those,0.357098781746,0.178549390873,1.24984573611
though,0.308044191079,,0.924132573237
thought,1.37173423657,,0.685867118283
threat,,1.28935926249,
threaten,,1.34871268256,
three,,,0.192356064675
threshold,,3.13587221631,
through,0.0683586918849,,0.27343476754
throw,,,4.25540549048
thursday,,8.0579920635,
time,0.0112115188626,0.0224230377252,0.134538226351
titl,,,0.62733396199
to,0.00151176340953,0.00195269440397,0.00686592548493
togeth,,,1.83212894923
toil,,,4.72380392352
told,,2.29758461426,1.14879230713
tomato,,,3.49047890719
too,,,2.38622061889
top,,,1.21820127558
toss,,,3.55007100439
toxic,3.00560702147,,3.00560702147
trade,,,0.865091924188
trademark,,,2.68230731341
tragic,3.00053086844,,
train,0.660918312839,,
translat,1.04993011003,,
transmitt,3.51135649221,,
treat,1.27821645249,,
treatment,5.41431075404,,
tri,,,4.32314070412
trial,6.98339072215,,
trina,,,6.34035930373
trip,,1.58923520512,1.58923520512
troubl,1.60761292215,,
true,,,1.87665125927
trump,,20.6369318471,4.12738636942
trust,,,1.5883097076
tshirt,,,7.2746685411
tund,,,7.2746685411
turbul,,,3.13442399014
turmoil,,,3.02877408076
turn,,,0.649798502128
tuskege,,,5.56168994973
twice,1.32544745286,,
two,0.0273976887164,,0.0273976887164
type,1.41420297077,,
uber,,,11.7318026483
ukrain,,5.50773718976,
ultim,0.949820939574,,
unabl,1.19640097204,,
under,,,0.0752618053832
underground,,,1.96775189097
understand,1.08808587568,1.08808587568,1.08808587568
understood,,,3.56321419552
uneth,4.74531012875,,
uniform,,,1.74451821303
univers,0.889048422744,,
unspool,,,7.2746685411
unstint,,,7.03350648429
unsur,3.94246403093,,
up,0.108323415943,,0.866587327541
upon,,0.472071777982,0.944143555964
upstat,,,4.409873625
use,0.0292080197316,0.0292080197316,0.0292080197316
usher,,,3.14460589628
usrussia,,7.18765716411,
utrecht,4.23448450498,,
vaccin,3.88260364301,,
valu,,,0.823193310148
ve,2.09135398771,,
veri,0.230159793238,,0.230159793238
vermont,,,3.39404238974
victori,,,1.1831530035
video,,,1.19307248967
view,,0.495159942173,
virginia,3.6970356061,,
vladimir,,2.80667273902,
voic,,,1.1668361006
waffl,,,11.77674836
waitress,,,4.81275140954
walk,1.270781474,,2.541562948
want,,,5.53309285004
war,,,0.345863640811
warrior,,,2.24601474151
was,0.0896921509008,0.0448460754504,0.448460754504
washington,,3.12505457424,1.04168485808
wasn't,,,21.8240056233
watch,2.73514846752,,
wave,1.49504799006,,
way,0.198091509935,,0.79236603974
we'll,,,7.2746685411
we'r,,7.18765716411,65.4720168699
wear,,,1.48470837021
weari,,,4.00613712579
websit,,0.924894023806,
weed,,,7.8979574239
week,0.590738864162,2.36295545665,0.590738864162
weird,,,3.71932047962
welcom,1.80125261058,,
well,0.127028876631,0.127028876631,0.190543314947
wellreason,,,7.2746685411
went,,,1.18648740873
were,0.0728734310433,0.0485822873622,0.194329149449
west,,,0.504504834183
what,0.225887296827,1.35532378096,4.74363323337
whatev,,,6.10309670886
when,,0.0205549888584,0.287769844018
where,,,0.389952832474
whi,,1.18068843047,1.18068843047
which,0.0155352415363,0.0207136553817,0.00517841384543
while,,,0.0864999675876
white,0.625566240123,1.25113248025,2.50226496049
who,0.121800465972,0.0609002329859,0.304501164929
whoever,,,3.69114960265
whole,,,1.66136364881
whom,,,0.834302131017
whose,,0.551054655633,
widerang,,7.18765716411,
wife,,,1.05245308848
wikileak,,5.06739362791,
wildest,,,5.68357976734
will,,0.81114613966,
win,,,1.01265652029
window,,,1.76896752429
wireless,3.23641344553,,
wiri,,,6.67683154035
with,0.0155673922741,0.00838244199373,0.0359247514017
withhold,3.87650606314,,
without,,,0.258874517941
woman,1.24660910292,,
women,,,0.8404139079
wonder,,,1.98319270637
wordi,6.62804137618,,
work,0.436138269092,0.218069134546,0.654207403638
workingclass,,,7.2746685411
world,,,0.644521491726
worldview,,,4.1157357522
worri,,,6.99713093574
worst,,,1.89519021125
worth,,,1.65065103492
would,0.0796176279647,0.0796176279647,0.398088139823
wow,,,4.51350851469
wri,,,5.54542942886
write,,,0.721512439877
wrong,,,1.70078769102
wrote,0.744188554049,,
wwwyahoocomnewsobamaordersfullreviewofnumelectionhackingnumhtml,,7.18765716411,
yeah,,,4.38429678321
year,0.426620150051,0.0948044777892,0.521424627841
yet,0.754181309241,,0.754181309241
york,,,0.855257594324
you'd,,,21.8240056233
you'r,,,87.2960224932
you'v,,,21.8240056233
young,,,0.635862798338
zack,,,4.82837672744
…,,7.18765716411,
